Workbook
Name CURTO_PRAZO: 'METAS DE VIDA'!$K$5:$K$14
Name LONGO_PRAZO: 'METAS DE VIDA'!$E$5:$E$14
Name MEDIO_PRAZO: 'METAS DE VIDA'!$H$5:$H$14
Name META_DE_VIDA: 'METAS DE VIDA'!$D$5:$D$14

Sheet PAINEL
B3: PLANEJAMENTO DE CARREIRA E METAS PESSOAIS DE VIDA | U3: PAINEL INICIAL
B6: Navegue pela planilha através das seções abaixo:
P19: METAS DE CURTO PRAZO (CP)

Sheet ÁREAS
B2: =PAINEL!B3 -> PLANEJAMENTO DE CARREIRA E METAS PESSOAIS DE VIDA | R2: PASSO 1 - AVALIAÇÃO DAS ÁREAS MAIS IMPORTANTES DE SUA VIDA
B3: DATA | C3: 41900
B4: GRAU DE PRIORI- DADE | C4: ÁREAS MAIS IMPORTANTES | D4: COMO VOCÊ SE AVALIA HOJE? | E4: NOTA GERAL (1-10) | F4: COMO VOCÊ GOSTARIA DE SER? | G4: NOTA GERAL (1-10) | I4: DISTRIBUIÇÃO GRÁFICA DA AVALIAÇÃO
B5: 2 | C5: SAÚDE | D5: Hoje eu estou bem fisicamente, um pouco abaixo de peso mas me sinto bem. Não vou ao médico com frequência, somente quando estou com mal estar ou acontece algum acidente. Minha alimentação é péssima, me alimento bastante mas muitas vezes não coisas saudáveis. | E5: 8 | F5: Gostaria que não fosse tão magro, ir mais ao médico, não só quando tem algum problema, mas frequêntemente. Queria me alimentar melhor, com coisas saudáveis e não comer coisas que eu sei que me faz mal. | G5: 10 | I5: =IFERROR(VLOOKUP(ROW()-ROW($B$4),$B$5:$G$14,2,FALSE),"") -> ESPIRITUALIDADE | J5: =IFERROR(VLOOKUP(ROW()-ROW($B$4),$B$5:$G$14,4,FALSE),"") -> 8 | K5: =IFERROR(VLOOKUP(ROW()-ROW($B$4),$B$5:$G$14,6,FALSE),"") -> 10 | L5: =IFERROR(TRIM(VLOOKUP(ROW()-ROW($B$4),$B$5:$G$14,5,FALSE)),"") -> Gostaria de voltar a ir na igreja como antes, sinto falta, sinto necessidade de ir, mas ainda vou voltar tenho certeza.
B6: 4 | C6: CARREIRA | D6: Não sou muito bom no que faço hoje, tenho muita dificuldade,com certeza não vou seguir nessa área que é designer mas em quanto estou no curso faço tudo com muito empenho e vontade. | E6: 6 | F6: Gostaria mesmo é ser o que todo garoto queria na infância, mas é poucos que conseguem isso. Quero estar dentro de uma empresa e ser reconhecido, ser um icone para aquela empresa, realmente fazer a diferença. | G6: 10 | I6: =IFERROR(VLOOKUP(ROW()-ROW($B$4),$B$5:$G$14,2,FALSE),"") -> SAÚDE | J6: =IFERROR(VLOOKUP(ROW()-ROW($B$4),$B$5:$G$14,4,FALSE),"") -> 8 | K6: =IFERROR(VLOOKUP(ROW()-ROW($B$4),$B$5:$G$14,6,FALSE),"") -> 10 | L6: =IFERROR(TRIM(VLOOKUP(ROW()-ROW($B$4),$B$5:$G$14,5,FALSE)),"") -> Gostaria que não fosse tão magro, ir mais ao médico, não só quando tem algum problema, mas frequêntemente. Queria me alimentar melhor, com coisas saudáveis e não comer coisas que eu sei que me faz mal.
B7: 6 | C7: FINANÇAS | D7: Minha renda mensal é péssima, até aumentou um pouco mas não da nem para me manter, dependo dos meus pais para tudo, ainda não tenho um emprego, tenhos uns ganhos de guri que é fazendo uns bico por ai, mas nada fixo. | E7: 5 | F7: Gostaria de ter muito dinheiro, poder fazer o que me desse vontade sem se preocupar com isso, poder ajudar quem não tem, mas não é assim que é as coisas, tem que lutar para conseguir e num futuro quem sabe não posso ter mesmo isso. | G7: 10 | I7: =IFERROR(VLOOKUP(ROW()-ROW($B$4),$B$5:$G$14,2,FALSE),"") -> FAMÍLIA | J7: =IFERROR(VLOOKUP(ROW()-ROW($B$4),$B$5:$G$14,4,FALSE),"") -> 10 | K7: =IFERROR(VLOOKUP(ROW()-ROW($B$4),$B$5:$G$14,6,FALSE),"") -> 10 | L7: =IFERROR(TRIM(VLOOKUP(ROW()-ROW($B$4),$B$5:$G$14,5,FALSE)),"") -> Apenas que permaneça assim, do que jeito que é.
B8: 3 | C8: FAMÍLIA | D8: Tenho uma família muito unída, que sempre está junto, sempre se ajudando. Não tem discordâncias nem briga entre minha família, é tudo na paz. | E8: 10 | F8: Apenas que permaneça assim, do que jeito que é. | G8: 10 | I8: =IFERROR(VLOOKUP(ROW()-ROW($B$4),$B$5:$G$14,2,FALSE),"") -> CARREIRA | J8: =IFERROR(VLOOKUP(ROW()-ROW($B$4),$B$5:$G$14,4,FALSE),"") -> 6 | K8: =IFERROR(VLOOKUP(ROW()-ROW($B$4),$B$5:$G$14,6,FALSE),"") -> 10 | L8: =IFERROR(TRIM(VLOOKUP(ROW()-ROW($B$4),$B$5:$G$14,5,FALSE)),"") -> Gostaria mesmo é ser o que todo garoto queria na infância, mas é poucos que conseguem isso. Quero estar dentro de uma empresa e ser reconhecido, ser um icone para aquela empresa, realmente fazer a diferença.
B9: 5 | C9: VIDA SOCIAL | D9: Hoje em dia tenho uma vida social bem ativa, não vou muito para festas, mas sempre que posso estou perto de pessoas. | E9: 8 | F9: Pra falar bem a verdade, é bem assim que eu queria, não mudaria nada porque em relação a vida social está perfeito. | G9: 10 | I9: =IFERROR(VLOOKUP(ROW()-ROW($B$4),$B$5:$G$14,2,FALSE),"") -> VIDA SOCIAL | J9: =IFERROR(VLOOKUP(ROW()-ROW($B$4),$B$5:$G$14,4,FALSE),"") -> 8 | K9: =IFERROR(VLOOKUP(ROW()-ROW($B$4),$B$5:$G$14,6,FALSE),"") -> 10 | L9: =IFERROR(TRIM(VLOOKUP(ROW()-ROW($B$4),$B$5:$G$14,5,FALSE)),"") -> Pra falar bem a verdade, é bem assim que eu queria, não mudaria nada porque em relação a vida social está perfeito.
B10: 1 | C10: ESPIRITUALIDADE | D10: Tenho muita fé em Deus, desde que nasci, fui criado com os ensinamentos de Deus, sempre fui a igreja, hoje estou um pouco afastado, não vou muito. | E10: 8 | F10: Gostaria de voltar a ir na igreja como antes, sinto falta, sinto necessidade de ir, mas ainda vou voltar tenho certeza. | G10: 10 | I10: =IFERROR(VLOOKUP(ROW()-ROW($B$4),$B$5:$G$14,2,FALSE),"") -> FINANÇAS | J10: =IFERROR(VLOOKUP(ROW()-ROW($B$4),$B$5:$G$14,4,FALSE),"") -> 5 | K10: =IFERROR(VLOOKUP(ROW()-ROW($B$4),$B$5:$G$14,6,FALSE),"") -> 10 | L10: =IFERROR(TRIM(VLOOKUP(ROW()-ROW($B$4),$B$5:$G$14,5,FALSE)),"") -> Gostaria de ter muito dinheiro, poder fazer o que me desse vontade sem se preocupar com isso, poder ajudar quem não tem, mas não é assim que é as coisas, tem que lutar para conseguir e num futuro quem sabe não posso ter mesmo isso.
I11: =IFERROR(VLOOKUP(ROW()-ROW($B$4),$B$5:$G$14,2,FALSE),"") | J11: =IFERROR(VLOOKUP(ROW()-ROW($B$4),$B$5:$G$14,4,FALSE),"") | K11: =IFERROR(VLOOKUP(ROW()-ROW($B$4),$B$5:$G$14,6,FALSE),"") | L11: =IFERROR(TRIM(VLOOKUP(ROW()-ROW($B$4),$B$5:$G$14,5,FALSE)),"")
I12: =IFERROR(VLOOKUP(ROW()-ROW($B$4),$B$5:$G$14,2,FALSE),"") | J12: =IFERROR(VLOOKUP(ROW()-ROW($B$4),$B$5:$G$14,4,FALSE),"") | K12: =IFERROR(VLOOKUP(ROW()-ROW($B$4),$B$5:$G$14,6,FALSE),"") | L12: =IFERROR(TRIM(VLOOKUP(ROW()-ROW($B$4),$B$5:$G$14,5,FALSE)),"")
I13: =IFERROR(VLOOKUP(ROW()-ROW($B$4),$B$5:$G$14,2,FALSE),"") | J13: =IFERROR(VLOOKUP(ROW()-ROW($B$4),$B$5:$G$14,4,FALSE),"") | K13: =IFERROR(VLOOKUP(ROW()-ROW($B$4),$B$5:$G$14,6,FALSE),"") | L13: =IFERROR(TRIM(VLOOKUP(ROW()-ROW($B$4),$B$5:$G$14,5,FALSE)),"")
I14: =IFERROR(VLOOKUP(ROW()-ROW($B$4),$B$5:$G$14,2,FALSE),"") | J14: =IFERROR(VLOOKUP(ROW()-ROW($B$4),$B$5:$G$14,4,FALSE),"") | K14: =IFERROR(VLOOKUP(ROW()-ROW($B$4),$B$5:$G$14,6,FALSE),"") | L14: =IFERROR(TRIM(VLOOKUP(ROW()-ROW($B$4),$B$5:$G$14,5,FALSE)),"")

Sheet METAS DE VIDA
B2: =PAINEL!B3 -> PLANEJAMENTO DE CARREIRA E METAS PESSOAIS DE VIDA | M2: PASSO 2 - DEFINIÇÃO DE METAS DE LONGO E MÉDIO PRAZO PARA CADA ÁREA
B3: INÍCIO | C3: 42005 | K3: HOJE | L3: =TODAY() -> 41900
B4: GRAU DE PRIORI- DADE | C4: =ÁREAS!F4 -> COMO VOCÊ GOSTARIA DE SER? | D4: META DE VIDA | E4: META DE LONGO PRAZO | F4: PRAZO EM ANOS (4 OU +) | G4: DATA | H4: META DE MÉDIO PRAZO | I4: PRAZO EM ANOS (2 OU +) | J4: DATA | K4: META DE CURTO PRAZO | L4: PRAZO EM MESES (10 OU +) | M4: DATA
B5: 1 | C5: =IF(ÁREAS!I5<>"","EM RELAÇÃO A "&TRIM(ÁREAS!I5)&": "&IF(LEN(ÁREAS!I5&ÁREAS!L5)>200,LEFT(TRIM(ÁREAS!L5),200-LEN(ÁREAS!I5))&"...",ÁREAS!L5),"") -> EM RELAÇÃO A ESPIRITUALIDADE: Gostaria de voltar a ir na igreja como antes, sinto falta, sinto necessidade de ir, mas ainda vou voltar tenho certeza. | D5: Minha meta de vida em relação a espiritualidade, é estar bem com Deus, fazer as coisas certas como manda a biblia, claro que tenho que mudar muito, mas espero um dia poder fazer coisas certas. | E5: Estar de volta dentro da igreja, estar de bem com Deus e se puder ajudar uma instituição de caridade. | F5: 4 | G5: =IF(ISNUMBER(F5),DATE(YEAR($C$3)+INT(F5),MONTH($C$3)+12*MOD(F5,1),DAY($C$3)-1),"") -> 43465 | H5: Voltar a igreja | I5: 2 | J5: =IF(ISNUMBER(I5),DATE(YEAR($C$3)+INT(I5),MONTH($C$3)+12*MOD(I5,1),DAY($C$3)-1),"") -> 42735 | K5: Iniciar pós-graduação cujo plano de curso contemple as principais competências requeridas para assumir cargo de gestão na Área de Recursos Humanos. | L5: 10 | M5: =IF(ISNUMBER(L5),DATE(YEAR($C$3),MONTH($C$3)+INT(L5),DAY($C$3)-1)+MOD(L5,1)*30,"") -> 42308
B6: 2 | C6: =IF(ÁREAS!I6<>"","EM RELAÇÃO A "&TRIM(ÁREAS!I6)&": "&IF(LEN(ÁREAS!I6&ÁREAS!L6)>200,LEFT(TRIM(ÁREAS!L6),200-LEN(ÁREAS!I6))&"...",ÁREAS!L6),"") -> EM RELAÇÃO A SAÚDE: Gostaria que não fosse tão magro, ir mais ao médico, não só quando tem algum problema, mas frequêntemente. Queria me alimentar melhor, com coisas saudáveis e não comer coisas que eu sei que me fa... | D6: Quero estar bem de saúde, me alimentar melhor e ter um bom preparo físico para quando for mais velho poder fazer muitas coisas por muito tempo. | E6: Estar bem fisicamente como se fosse hoje. | F6: 15 | G6: =IF(ISNUMBER(F6),DATE(YEAR($C$3)+INT(F6),MONTH($C$3)+12*MOD(F6,1),DAY($C$3)-1),"") -> 47483 | H6: Participar de pelo menos duas corridas oficiais de 10km. | I6: 2 | J6: =IF(ISNUMBER(I6),DATE(YEAR($C$3)+INT(I6),MONTH($C$3)+12*MOD(I6,1),DAY($C$3)-1),"") -> 42735 | K6: Participar de pelo menos duas corridas oficiais de 5km. | L6: 12 | M6: =IF(ISNUMBER(L6),DATE(YEAR($C$3),MONTH($C$3)+INT(L6),DAY($C$3)-1)+MOD(L6,1)*30,"") -> 42369
B7: 3 | C7: =IF(ÁREAS!I7<>"","EM RELAÇÃO A "&TRIM(ÁREAS!I7)&": "&IF(LEN(ÁREAS!I7&ÁREAS!L7)>200,LEFT(TRIM(ÁREAS!L7),200-LEN(ÁREAS!I7))&"...",ÁREAS!L7),"") -> EM RELAÇÃO A FAMÍLIA: Apenas que permaneça assim, do que jeito que é. | D7: Manter a família sempre unida, sempre junto sempre sem brigas e todos se ajudando. Construir uma nova familia. | E7: Casar-me e ter filhos. | F7: 12 | G7: =IF(ISNUMBER(F7),DATE(YEAR($C$3)+INT(F7),MONTH($C$3)+12*MOD(F7,1),DAY($C$3)-1),"") -> 46387 | H7: Ultrapassar marca dos R$ 25 mil em opções de investimento conservadoras e de alta liquidez (poupança, CDB etc.) | I7: 2 | J7: =IF(ISNUMBER(I7),DATE(YEAR($C$3)+INT(I7),MONTH($C$3)+12*MOD(I7,1),DAY($C$3)-1),"") -> 42735 | K7: Poupar pelo menos R$ 12 mil em opções de investimento conservadoras e de alta liquidez (poupança, CDB etc.) | L7: 12 | M7: =IF(ISNUMBER(L7),DATE(YEAR($C$3),MONTH($C$3)+INT(L7),DAY($C$3)-1)+MOD(L7,1)*30,"") -> 42369
B8: 4 | C8: =IF(ÁREAS!I8<>"","EM RELAÇÃO A "&TRIM(ÁREAS!I8)&": "&IF(LEN(ÁREAS!I8&ÁREAS!L8)>200,LEFT(TRIM(ÁREAS!L8),200-LEN(ÁREAS!I8))&"...",ÁREAS!L8),"") -> EM RELAÇÃO A CARREIRA: Gostaria mesmo é ser o que todo garoto queria na infância, mas é poucos que conseguem isso. Quero estar dentro de uma empresa e ser reconhecido, ser um icone para aquela empresa, realmente faz... | D8: Estar em um grande cargo, ter sucesso no meu futuro emprego e ter uma boa renda, ser importante dentro da empresa que trabalha. | E8: Ter uma empresa em meu nome e ser bem sucedida. | F8: 10 | G8: =IF(ISNUMBER(F8),DATE(YEAR($C$3)+INT(F8),MONTH($C$3)+12*MOD(F8,1),DAY($C$3)-1),"") -> 45657 | J8: =IF(ISNUMBER(I8),DATE(YEAR($C$3)+INT(I8),MONTH($C$3)+12*MOD(I8,1),DAY($C$3)-1),"") | M8: =IF(ISNUMBER(L8),DATE(YEAR($C$3),MONTH($C$3)+INT(L8),DAY($C$3)-1)+MOD(L8,1)*30,"")
B9: 5 | C9: =IF(ÁREAS!I9<>"","EM RELAÇÃO A "&TRIM(ÁREAS!I9)&": "&IF(LEN(ÁREAS!I9&ÁREAS!L9)>200,LEFT(TRIM(ÁREAS!L9),200-LEN(ÁREAS!I9))&"...",ÁREAS!L9),"") -> EM RELAÇÃO A VIDA SOCIAL: Pra falar bem a verdade, é bem assim que eu queria, não mudaria nada porque em relação a vida social está perfeito. | D9: Manter minhas amizades, sempre crescendo com eles e fazer novos amigos sempre que puder. | E9: Fazer novos amigos. | F9: 4 | G9: =IF(ISNUMBER(F9),DATE(YEAR($C$3)+INT(F9),MONTH($C$3)+12*MOD(F9,1),DAY($C$3)-1),"") -> 43465 | J9: =IF(ISNUMBER(I9),DATE(YEAR($C$3)+INT(I9),MONTH($C$3)+12*MOD(I9,1),DAY($C$3)-1),"") | M9: =IF(ISNUMBER(L9),DATE(YEAR($C$3),MONTH($C$3)+INT(L9),DAY($C$3)-1)+MOD(L9,1)*30,"")
B10: 6 | C10: =IF(ÁREAS!I10<>"","EM RELAÇÃO A "&TRIM(ÁREAS!I10)&": "&IF(LEN(ÁREAS!I10&ÁREAS!L10)>200,LEFT(TRIM(ÁREAS!L10),200-LEN(ÁREAS!I10))&"...",ÁREAS!L10),"") -> EM RELAÇÃO A FINANÇAS: Gostaria de ter muito dinheiro, poder fazer o que me desse vontade sem se preocupar com isso, poder ajudar quem não tem, mas não é assim que é as coisas, tem que lutar para conseguir e num fut... | D10: Ter muito dinheiro, sem passar por cima de ninguém, conquistar tudo que quero, ter um bom emprego ai sim ter muito dinheiro. | E10: Ter um bom dinheiro guardado para ter minha própria casa e minha família. | F10: 12 | G10: =IF(ISNUMBER(F10),DATE(YEAR($C$3)+INT(F10),MONTH($C$3)+12*MOD(F10,1),DAY($C$3)-1),"") -> 46387 | J10: =IF(ISNUMBER(I10),DATE(YEAR($C$3)+INT(I10),MONTH($C$3)+12*MOD(I10,1),DAY($C$3)-1),"") | M10: =IF(ISNUMBER(L10),DATE(YEAR($C$3),MONTH($C$3)+INT(L10),DAY($C$3)-1)+MOD(L10,1)*30,"")
B11: 7 | C11: =IF(ÁREAS!I11<>"","EM RELAÇÃO A "&TRIM(ÁREAS!I11)&": "&IF(LEN(ÁREAS!I11&ÁREAS!L11)>200,LEFT(TRIM(ÁREAS!L11),200-LEN(ÁREAS!I11))&"...",ÁREAS!L11),"") | G11: =IF(ISNUMBER(F11),DATE(YEAR($C$3)+INT(F11),MONTH($C$3)+12*MOD(F11,1),DAY($C$3)-1),"") | J11: =IF(ISNUMBER(I11),DATE(YEAR($C$3)+INT(I11),MONTH($C$3)+12*MOD(I11,1),DAY($C$3)-1),"") | M11: =IF(ISNUMBER(L11),DATE(YEAR($C$3),MONTH($C$3)+INT(L11),DAY($C$3)-1)+MOD(L11,1)*30,"")
B12: 8 | C12: =IF(ÁREAS!I12<>"","EM RELAÇÃO A "&TRIM(ÁREAS!I12)&": "&IF(LEN(ÁREAS!I12&ÁREAS!L12)>200,LEFT(TRIM(ÁREAS!L12),200-LEN(ÁREAS!I12))&"...",ÁREAS!L12),"") | G12: =IF(ISNUMBER(F12),DATE(YEAR($C$3)+INT(F12),MONTH($C$3)+12*MOD(F12,1),DAY($C$3)-1),"") | J12: =IF(ISNUMBER(I12),DATE(YEAR($C$3)+INT(I12),MONTH($C$3)+12*MOD(I12,1),DAY($C$3)-1),"") | M12: =IF(ISNUMBER(L12),DATE(YEAR($C$3),MONTH($C$3)+INT(L12),DAY($C$3)-1)+MOD(L12,1)*30,"")
B13: 9 | C13: =IF(ÁREAS!I13<>"","EM RELAÇÃO A "&TRIM(ÁREAS!I13)&": "&IF(LEN(ÁREAS!I13&ÁREAS!L13)>200,LEFT(TRIM(ÁREAS!L13),200-LEN(ÁREAS!I13))&"...",ÁREAS!L13),"") | G13: =IF(ISNUMBER(F13),DATE(YEAR($C$3)+INT(F13),MONTH($C$3)+12*MOD(F13,1),DAY($C$3)-1),"") | J13: =IF(ISNUMBER(I13),DATE(YEAR($C$3)+INT(I13),MONTH($C$3)+12*MOD(I13,1),DAY($C$3)-1),"") | M13: =IF(ISNUMBER(L13),DATE(YEAR($C$3),MONTH($C$3)+INT(L13),DAY($C$3)-1)+MOD(L13,1)*30,"")
B14: 10 | C14: =IF(ÁREAS!I14<>"","EM RELAÇÃO A "&TRIM(ÁREAS!I14)&": "&IF(LEN(ÁREAS!I14&ÁREAS!L14)>200,LEFT(TRIM(ÁREAS!L14),200-LEN(ÁREAS!I14))&"...",ÁREAS!L14),"") | G14: =IF(ISNUMBER(F14),DATE(YEAR($C$3)+INT(F14),MONTH($C$3)+12*MOD(F14,1),DAY($C$3)-1),"") | J14: =IF(ISNUMBER(I14),DATE(YEAR($C$3)+INT(I14),MONTH($C$3)+12*MOD(I14,1),DAY($C$3)-1),"") | M14: =IF(ISNUMBER(L14),DATE(YEAR($C$3),MONTH($C$3)+INT(L14),DAY($C$3)-1)+MOD(L14,1)*30,"")

Sheet ACOMPANHAMENTO
B2: =PAINEL!B3 -> PLANEJAMENTO DE CARREIRA E METAS PESSOAIS DE VIDA | T2: PASSO 3 - ACOMPANHAMENTO PERIÓDICO E REVISÃO DAS METAS
B3: INÍCIO | C3: ='METAS DE VIDA'!C3 -> 42005 | R3: HOJE | S3: =TODAY() -> 41900
B4: GRAU DE PRIORI- DADE | C4: =ÁREAS!C4 -> ÁREAS MAIS IMPORTANTES | D4: =TRIM(PAINEL!P19) -> METAS DE CURTO PRAZO (CP)
B5: 1 | C5: =IF(ÁREAS!I5<>"",TRIM(ÁREAS!I5),"") -> ESPIRITUALIDADE | D5: =IF(RIGHT(PAINEL!$P$19,4)="(CP)",TRIM(OFFSET(CURTO_PRAZO,B5-1,0,1)),IF(RIGHT(PAINEL!$P$19,4)="(MP)",TRIM(OFFSET(MEDIO_PRAZO,B5-1,0,1)),IF(RIGHT(PAINEL!$P$19,4)="(LP)",TRIM(OFFSET(LONGO_PRAZO,B5-1,0,1)),TRIM(OFFSET(META_DE_VIDA,B5-1,0,1))))) -> Iniciar pós-graduação cujo plano de curso contemple as principais competências requeridas para assumir cargo de gestão na Área de Recursos Humanos. | K5: =IF(ISNUMBER(M5),TODAY(),"") -> 41900 | L5: =IF(ISNUMBER(M5),'METAS DE VIDA'!$C$3,"") -> 42005 | M5: ='METAS DE VIDA'!M5 -> 42308 | N5: ='METAS DE VIDA'!J5 -> 42735 | O5: ='METAS DE VIDA'!G5 -> 43465 | P5: =IF(ISNUMBER(M5),MAX(O$5:O$14),"") -> 47483
B6: 2 | C6: =IF(ÁREAS!I6<>"",TRIM(ÁREAS!I6),"") -> SAÚDE | D6: =IF(RIGHT(PAINEL!$P$19,4)="(CP)",TRIM(OFFSET(CURTO_PRAZO,B6-1,0,1)),IF(RIGHT(PAINEL!$P$19,4)="(MP)",TRIM(OFFSET(MEDIO_PRAZO,B6-1,0,1)),IF(RIGHT(PAINEL!$P$19,4)="(LP)",TRIM(OFFSET(LONGO_PRAZO,B6-1,0,1)),TRIM(OFFSET(META_DE_VIDA,B6-1,0,1))))) -> Participar de pelo menos duas corridas oficiais de 5km. | K6: =IF(ISNUMBER(M6),TODAY(),"") -> 41900 | L6: =IF(ISNUMBER(M6),'METAS DE VIDA'!$C$3,"") -> 42005 | M6: ='METAS DE VIDA'!M6 -> 42369 | N6: ='METAS DE VIDA'!J6 -> 42735 | O6: ='METAS DE VIDA'!G6 -> 47483 | P6: =IF(ISNUMBER(M6),MAX(O$5:O$14),"") -> 47483
B7: 3 | C7: =IF(ÁREAS!I7<>"",TRIM(ÁREAS!I7),"") -> FAMÍLIA | D7: =IF(RIGHT(PAINEL!$P$19,4)="(CP)",TRIM(OFFSET(CURTO_PRAZO,B7-1,0,1)),IF(RIGHT(PAINEL!$P$19,4)="(MP)",TRIM(OFFSET(MEDIO_PRAZO,B7-1,0,1)),IF(RIGHT(PAINEL!$P$19,4)="(LP)",TRIM(OFFSET(LONGO_PRAZO,B7-1,0,1)),TRIM(OFFSET(META_DE_VIDA,B7-1,0,1))))) -> Poupar pelo menos R$ 12 mil em opções de investimento conservadoras e de alta liquidez (poupança, CDB etc.) | K7: =IF(ISNUMBER(M7),TODAY(),"") -> 41900 | L7: =IF(ISNUMBER(M7),'METAS DE VIDA'!$C$3,"") -> 42005 | M7: ='METAS DE VIDA'!M7 -> 42369 | N7: ='METAS DE VIDA'!J7 -> 42735 | O7: ='METAS DE VIDA'!G7 -> 46387 | P7: =IF(ISNUMBER(M7),MAX(O$5:O$14),"") -> 47483
B8: 4 | C8: =IF(ÁREAS!I8<>"",TRIM(ÁREAS!I8),"") -> CARREIRA | D8: =IF(RIGHT(PAINEL!$P$19,4)="(CP)",TRIM(OFFSET(CURTO_PRAZO,B8-1,0,1)),IF(RIGHT(PAINEL!$P$19,4)="(MP)",TRIM(OFFSET(MEDIO_PRAZO,B8-1,0,1)),IF(RIGHT(PAINEL!$P$19,4)="(LP)",TRIM(OFFSET(LONGO_PRAZO,B8-1,0,1)),TRIM(OFFSET(META_DE_VIDA,B8-1,0,1))))) | K8: =IF(ISNUMBER(M8),TODAY(),"") | L8: =IF(ISNUMBER(M8),'METAS DE VIDA'!$C$3,"") | M8: ='METAS DE VIDA'!M8 | N8: ='METAS DE VIDA'!J8 | O8: ='METAS DE VIDA'!G8 -> 45657 | P8: =IF(ISNUMBER(M8),MAX(O$5:O$14),"")
B9: 5 | C9: =IF(ÁREAS!I9<>"",TRIM(ÁREAS!I9),"") -> VIDA SOCIAL | D9: =IF(RIGHT(PAINEL!$P$19,4)="(CP)",TRIM(OFFSET(CURTO_PRAZO,B9-1,0,1)),IF(RIGHT(PAINEL!$P$19,4)="(MP)",TRIM(OFFSET(MEDIO_PRAZO,B9-1,0,1)),IF(RIGHT(PAINEL!$P$19,4)="(LP)",TRIM(OFFSET(LONGO_PRAZO,B9-1,0,1)),TRIM(OFFSET(META_DE_VIDA,B9-1,0,1))))) | K9: =IF(ISNUMBER(M9),TODAY(),"") | L9: =IF(ISNUMBER(M9),'METAS DE VIDA'!$C$3,"") | M9: ='METAS DE VIDA'!M9 | N9: ='METAS DE VIDA'!J9 | O9: ='METAS DE VIDA'!G9 -> 43465 | P9: =IF(ISNUMBER(M9),MAX(O$5:O$14),"")
B10: 6 | C10: =IF(ÁREAS!I10<>"",TRIM(ÁREAS!I10),"") -> FINANÇAS | D10: =IF(RIGHT(PAINEL!$P$19,4)="(CP)",TRIM(OFFSET(CURTO_PRAZO,B10-1,0,1)),IF(RIGHT(PAINEL!$P$19,4)="(MP)",TRIM(OFFSET(MEDIO_PRAZO,B10-1,0,1)),IF(RIGHT(PAINEL!$P$19,4)="(LP)",TRIM(OFFSET(LONGO_PRAZO,B10-1,0,1)),TRIM(OFFSET(META_DE_VIDA,B10-1,0,1))))) | K10: =IF(ISNUMBER(M10),TODAY(),"") | L10: =IF(ISNUMBER(M10),'METAS DE VIDA'!$C$3,"") | M10: ='METAS DE VIDA'!M10 | N10: ='METAS DE VIDA'!J10 | O10: ='METAS DE VIDA'!G10 -> 46387 | P10: =IF(ISNUMBER(M10),MAX(O$5:O$14),"")
B11: 7 | C11: =IF(ÁREAS!I11<>"",TRIM(ÁREAS!I11),"") | D11: =IF(RIGHT(PAINEL!$P$19,4)="(CP)",TRIM(OFFSET(CURTO_PRAZO,B11-1,0,1)),IF(RIGHT(PAINEL!$P$19,4)="(MP)",TRIM(OFFSET(MEDIO_PRAZO,B11-1,0,1)),IF(RIGHT(PAINEL!$P$19,4)="(LP)",TRIM(OFFSET(LONGO_PRAZO,B11-1,0,1)),TRIM(OFFSET(META_DE_VIDA,B11-1,0,1))))) | K11: =IF(ISNUMBER(M11),TODAY(),"") | L11: =IF(ISNUMBER(M11),'METAS DE VIDA'!$C$3,"") | M11: ='METAS DE VIDA'!M11 | N11: ='METAS DE VIDA'!J11 | O11: ='METAS DE VIDA'!G11 | P11: =IF(ISNUMBER(M11),MAX(O$5:O$14),"")
B12: 8 | C12: =IF(ÁREAS!I12<>"",TRIM(ÁREAS!I12),"") | D12: =IF(RIGHT(PAINEL!$P$19,4)="(CP)",TRIM(OFFSET(CURTO_PRAZO,B12-1,0,1)),IF(RIGHT(PAINEL!$P$19,4)="(MP)",TRIM(OFFSET(MEDIO_PRAZO,B12-1,0,1)),IF(RIGHT(PAINEL!$P$19,4)="(LP)",TRIM(OFFSET(LONGO_PRAZO,B12-1,0,1)),TRIM(OFFSET(META_DE_VIDA,B12-1,0,1))))) | K12: =IF(ISNUMBER(M12),TODAY(),"") | L12: =IF(ISNUMBER(M12),'METAS DE VIDA'!$C$3,"") | M12: ='METAS DE VIDA'!M12 | N12: ='METAS DE VIDA'!J12 | O12: ='METAS DE VIDA'!G12 | P12: =IF(ISNUMBER(M12),MAX(O$5:O$14),"")
B13: 9 | C13: =IF(ÁREAS!I13<>"",TRIM(ÁREAS!I13),"") | D13: =IF(RIGHT(PAINEL!$P$19,4)="(CP)",TRIM(OFFSET(CURTO_PRAZO,B13-1,0,1)),IF(RIGHT(PAINEL!$P$19,4)="(MP)",TRIM(OFFSET(MEDIO_PRAZO,B13-1,0,1)),IF(RIGHT(PAINEL!$P$19,4)="(LP)",TRIM(OFFSET(LONGO_PRAZO,B13-1,0,1)),TRIM(OFFSET(META_DE_VIDA,B13-1,0,1))))) | K13: =IF(ISNUMBER(M13),TODAY(),"") | L13: =IF(ISNUMBER(M13),'METAS DE VIDA'!$C$3,"") | M13: ='METAS DE VIDA'!M13 | N13: ='METAS DE VIDA'!J13 | O13: ='METAS DE VIDA'!G13 | P13: =IF(ISNUMBER(M13),MAX(O$5:O$14),"")
B14: 10 | C14: =IF(ÁREAS!I14<>"",TRIM(ÁREAS!I14),"") | D14: =IF(RIGHT(PAINEL!$P$19,4)="(CP)",TRIM(OFFSET(CURTO_PRAZO,B14-1,0,1)),IF(RIGHT(PAINEL!$P$19,4)="(MP)",TRIM(OFFSET(MEDIO_PRAZO,B14-1,0,1)),IF(RIGHT(PAINEL!$P$19,4)="(LP)",TRIM(OFFSET(LONGO_PRAZO,B14-1,0,1)),TRIM(OFFSET(META_DE_VIDA,B14-1,0,1))))) | K14: =IF(ISNUMBER(M14),TODAY(),"") | L14: =IF(ISNUMBER(M14),'METAS DE VIDA'!$C$3,"") | M14: ='METAS DE VIDA'!M14 | N14: ='METAS DE VIDA'!J14 | O14: ='METAS DE VIDA'!G14 | P14: =IF(ISNUMBER(M14),MAX(O$5:O$14),"")
